{
  "description": "4x4 RGB image with uniform pixel values [128, 64, 32], normalized to CHW format",
  "pixels": [
    [128, 64, 32], [128, 64, 32], [128, 64, 32], [128, 64, 32],
    [128, 64, 32], [128, 64, 32], [128, 64, 32], [128, 64, 32],
    [128, 64, 32], [128, 64, 32], [128, 64, 32], [128, 64, 32],
    [128, 64, 32], [128, 64, 32], [128, 64, 32], [128, 64, 32]
  ],
  "normalization": {
    "mean": [0.485, 0.456, 0.406],
    "std": [0.229, 0.224, 0.225]
  },
  "expectedOutput": [
    0.0740646, 0.0740646, 0.0740646, 0.0740646,
    0.0740646, 0.0740646, 0.0740646, 0.0740646,
    0.0740646, 0.0740646, 0.0740646, 0.0740646,
    0.0740646, 0.0740646, 0.0740646, 0.0740646,
    -0.9152661, -0.9152661, -0.9152661, -0.9152661,
    -0.9152661, -0.9152661, -0.9152661, -0.9152661,
    -0.9152661, -0.9152661, -0.9152661, -0.9152661,
    -0.9152661, -0.9152661, -0.9152661, -0.9152661,
    -1.2467102, -1.2467102, -1.2467102, -1.2467102,
    -1.2467102, -1.2467102, -1.2467102, -1.2467102,
    -1.2467102, -1.2467102, -1.2467102, -1.2467102,
    -1.2467102, -1.2467102, -1.2467102, -1.2467102
  ],
  "epsilon": 1e-4
}
